	ability	advance	agree	allow	believe	benefit	computer	concerned	coordination	different	effect	enjoy	exercise	expert	eye	family	faraway	friend	hand	idea	interact	learn	letter	local	nature	newspaper	online	opinion	people	persuade	place	positive	reader	society	spend	state	support	talk	teach	technology	time	use	write
0	0.08770580193070293	0.08770580193070293	0.17541160386140586	0.08770580193070293	0.08770580193070293	0.08770580193070293	0.3508232077228117	0.08770580193070293	0.08770580193070293	0.08770580193070293	0.17541160386140586	0.08770580193070293	0.08770580193070293	0.08770580193070293	0.08770580193070293	0.08770580193070293	0.08770580193070293	0.08770580193070293	0.08770580193070293	0.08770580193070293	0.08770580193070293	0.08770580193070293	0.08770580193070293	0.08770580193070293	0.08770580193070293	0.08770580193070293	0.08770580193070293	0.08770580193070293	0.7016464154456235	0.08770580193070293	0.08770580193070293	0.08770580193070293	0.08770580193070293	0.08770580193070293	0.08770580193070293	0.08770580193070293	0.08770580193070293	0.08770580193070293	0.08770580193070293	0.08770580193070293	0.17541160386140586	0.08770580193070293	0.08770580193070293
